area,circularity,extent,perimeter,solidity
527,0.42862,0.60297,124.3,0.78074
291,0.31266,0.59877,108.15,0.8845
573,0.32199,0.50087,149.54,0.68214
536,0.13738,0.19648,221.42,0.33967
553,0.31874,0.53173,147.66,0.69912
1286,0.65044,0.49462,157.62,0.87364
490,0.35709,0.29915,131.31,0.69602
819,0.70717,0.72995,120.64,0.92438
511,0.33773,0.29034,137.89,0.69054
791,1.0015,0.79738,99.623,0.97654
176,0.30653,0.68217,84.942,0.93122
769,0.99755,0.75171,98.424,0.97713
2019,0.12712,0.44987,446.75,0.73073
751,1.0634,0.78148,94.206,0.9817
1003,0.36038,0.30256,187.01,0.68231
583,0.14637,0.14014,223.72,0.34806
979,0.38934,0.36381,177.76,0.69383
239,0.32781,0.6224,95.718,0.87226
798,0.94013,0.7793,103.28,0.96845
548,0.14381,0.20319,218.83,0.35287
532,0.14032,0.19955,218.27,0.34345
672,0.14194,0.23497,243.91,0.48241
233,0.34884,0.63315,91.616,0.94332
977,0.38599,0.44389,178.35,0.68658
514,0.37629,0.34176,131.02,0.72702
518,0.40619,0.36325,126.59,0.72753
555,0.34524,0.51821,142.13,0.71798
558,0.15985,0.14308,209.44,0.36978
515,0.39918,0.34986,127.33,0.71528
555,0.3452,0.51821,142.14,0.70431
1282,0.44856,0.66632,189.51,0.83736
293,0.32765,0.61426,106.01,0.89877
556,0.39257,0.33154,133.41,0.6924
506,0.35124,0.35484,134.55,0.70083
939,0.39136,0.43272,173.64,0.69814
542,0.36155,0.37639,137.25,0.68434
517,0.36768,0.36667,132.93,0.6921
932,0.38963,0.42949,173.38,0.70023
805,0.94823,0.78613,103.29,0.97576
513,0.41469,0.36383,124.68,0.71748
932,0.39183,0.44381,172.89,0.71145
562,0.13884,0.12165,225.53,0.34123
517,0.41737,0.36667,124.76,0.7131
935,0.39661,0.43712,172.12,0.69724
564,0.14107,0.13506,224.14,0.34265
751,0.99889,0.78148,97.2,0.97154
928,0.3915,0.44831,172.59,0.70948
556,0.13953,0.13314,223.77,0.33882
1215,0.67824,0.58781,150.04,0.86972
544,0.1503,0.21333,213.27,0.36315
556,0.14037,0.13469,223.1,0.33985
1180,0.73445,0.68051,142.09,0.8806
971,0.38579,0.37577,177.84,0.69407
547,0.14229,0.12362,219.79,0.35109
940,0.37874,0.31085,176.6,0.68364
1341,0.45122,0.50604,193.25,0.84659
305,0.34107,0.63941,106.01,0.90237
758,0.82392,0.76411,107.52,0.94632
785,0.99758,0.79133,99.441,0.97274
512,0.43337,0.32737,121.85,0.72521
1284,0.62424,0.74825,160.77,0.85316
547,0.33692,0.30389,142.84,0.7141
540,0.43908,0.54711,124.32,0.75419
525,0.37285,0.30488,133.02,0.68538
902,0.40494,0.34961,167.31,0.71474
508,0.30785,0.48381,144,0.68649
1197,0.73593,0.77226,142.97,0.8795
523,0.34845,0.30372,137.34,0.68455
543,0.14574,0.15083,216.38,0.357
1164,0.089425,0.24,404.44,0.44804
1214,0.72974,0.70012,144.59,0.86963
540,0.14646,0.15341,215.25,0.35738
2170,0.22322,0.63506,349.52,0.82415
820,0.81345,0.77652,112.55,0.95794
1219,0.65603,0.703,152.81,0.85185
569,0.30496,0.42911,153.12,0.65933
265,0.10695,0.35053,176.45,0.55208
915,0.42103,0.35995,165.26,0.72389
1383,0.18327,0.52189,307.94,0.76536
1206,0.7296,0.6955,144.12,0.87265
922,0.43477,0.45064,163.25,0.72031
908,0.40169,0.36613,168.54,0.71665
990,0.39283,0.39935,177.96,0.68465
1209,0.7358,0.71118,143.69,0.878
1660,0.15217,0.52038,370.25,0.71986
2082,0.24839,0.70576,324.55,0.85363
931,0.41389,0.33855,168.13,0.72451
1289,0.64775,0.56834,158.13,0.87153
2354,0.3471,0.66497,291.93,0.86259
1880,0.23296,0.52237,318.45,0.7505
1242,0.68011,0.52851,151.49,0.86975
1298,0.61951,0.54884,162.26,0.87407
639,0.16131,0.17081,223.11,0.38448
596,0.14937,0.14024,223.92,0.3586
570,0.15073,0.2138,217.99,0.36008
485,0.15498,0.13208,198.31,0.35247
610,0.16316,0.16694,216.75,0.37935
2475,0.086624,0.42438,599.2,0.59013
538,0.38109,0.3321,133.19,0.74826
486,0.15154,0.12803,200.75,0.34814
585,0.15742,0.1601,216.1,0.36792
2906,0.23581,0.60808,393.52,0.84013
540,0.33869,0.33333,141.55,0.70959
432,0.17213,0.15456,177.59,0.36923
512,0.16272,0.19768,198.85,0.36364
653,0.13984,0.17455,242.24,0.36685
2825,0.30708,0.6217,340.01,0.84835
578,0.37002,0.34715,140.11,0.70316
871,0.40079,0.41895,165.25,0.71452
883,0.24368,0.55257,213.39,0.78699
550,0.42871,0.68238,126.97,0.94664
811,0.69997,0.68266,120.66,0.9258
897,0.19653,0.52151,239.49,0.7136
767,0.96028,0.79896,100.18,0.96721
774,1.0255,0.78024,97.39,0.97358
529,0.33587,0.40692,140.68,0.70066
757,0.49078,0.67469,139.22,0.89059
783,1.06,0.78931,96.348,0.98367
797,0.74645,0.77832,115.83,0.94768
180,0.31485,0.69767,84.76,0.94241
548,0.14288,0.14015,219.54,0.34422
748,0.57737,0.66786,127.59,0.87179
788,0.97367,0.79435,100.85,0.97284
805,0.67577,0.73989,122.35,0.92105
553,0.14503,0.13842,218.9,0.34671
1317,0.52006,0.51891,178.39,0.85409
808,0.26142,0.59021,197.08,0.80558
593,0.1552,0.20336,219.12,0.3794
561,0.14651,0.14043,219.35,0.34823
931,0.40966,0.44165,168.99,0.71396
953,0.35175,0.45381,184.52,0.68709
1170,0.148,0.45882,315.19,0.65546
1470,0.16547,0.43711,334.13,0.64701
998,0.36449,0.30955,185.49,0.68076
545,0.15252,0.20275,211.9,0.35436
576,0.40872,0.4,133.08,0.73189
1224,0.23583,0.47077,255.38,0.68687
1572,0.17557,0.45211,335.43,0.64111
999,0.34878,0.30495,189.72,0.68754
953,0.40934,0.38443,171.04,0.71279
583,0.45312,0.40486,127.15,0.73241
820,0.78586,0.71181,114.51,0.92446
564,0.4173,0.38315,130.32,0.78881
178,0.29743,0.67424,86.72,0.93684
817,0.91076,0.79785,106.17,0.96686
561,0.38534,0.42404,135.26,0.73238
787,0.4631,0.70268,146.14,0.89128
2679,0.14601,0.6443,480.17,0.79237
1472,0.14862,0.56615,352.79,0.74231
839,0.39712,0.70504,162.94,0.89829
969,0.28909,0.60714,205.24,0.83679
556,0.377,0.54033,136.14,0.74933
1783,0.12965,0.54626,415.71,0.70726
554,0.14265,0.12747,220.91,0.35019
555,0.15159,0.17387,214.5,0.36537
559,0.35413,0.50818,140.84,0.71392
808,0.32355,0.59021,177.15,0.81288
755,0.67967,0.6933,118.15,0.90854
834,0.74265,0.72208,118.79,0.94025
795,0.89206,0.75284,105.83,0.96481
794,0.99919,0.77539,99.929,0.97543
749,0.72448,0.68842,113.98,0.93043
1969,0.28107,0.69601,296.7,0.84834
1469,0.19074,0.54813,311.09,0.74873
1268,0.58904,0.50801,164.47,0.88486
1300,0.68041,0.77658,154.95,0.89779
1188,0.72151,0.58235,143.84,0.8787
1933,0.28533,0.56686,291.77,0.77944
2224,0.27692,0.68536,317.69,0.87216
956,0.40111,0.32807,173.06,0.71184
902,0.41936,0.34961,164.4,0.71136
862,0.45788,0.4416,153.81,0.73928
1019,0.22843,0.42565,236.76,0.67933
1296,0.55499,0.50863,171.3,0.86228
511,0.3948,0.59766,127.53,0.75592
920,0.41083,0.35659,167.75,0.71763
892,0.40327,0.4496,166.72,0.74769
1285,0.69385,0.50432,152.55,0.88134
577,0.384,0.32784,137.41,0.79041
812,0.89511,0.76894,106.77,0.96209
587,0.46089,0.36688,126.51,0.7421
397,0.17629,0.15263,168.22,0.36355
609,0.31921,0.36775,154.84,0.72328
1673,0.16942,0.37178,352.26,0.61148
1268,0.35874,0.54188,210.75,0.85618
517,0.15395,0.21016,205.43,0.35903
476,0.15655,0.20204,195.47,0.35181
887,0.35873,0.4402,176.27,0.70008
1218,0.15691,0.40492,312.32,0.62048
1252,0.56256,0.50261,167.23,0.85519
808,0.87693,0.74197,107.6,0.95735
550,0.40622,0.40741,130.44,0.71336
968,0.40544,0.33379,173.21,0.71651
2119,0.26225,0.65889,318.65,0.83921
778,0.69444,0.71442,118.65,0.93961
822,0.7547,0.73262,116.99,0.94266
759,0.83681,0.76512,106.76,0.95352
772,0.95562,0.77823,100.76,0.96985
944,0.4059,0.33123,170.95,0.71084
2040,0.25181,0.63433,319.07,0.83401
757,1.0028,0.78772,97.398,0.97677
528,0.35559,0.51312,136.6,0.73435
753,0.95692,0.75907,99.441,0.95437
764,0.96159,0.77016,99.921,0.96222
941,0.42497,0.3712,166.81,0.70329
1917,0.26311,0.64742,302.58,0.84785
751,0.96866,0.78148,98.705,0.97154
537,0.387,0.55937,132.05,0.76496
758,0.97949,0.76411,98.614,0.96193
458,0.1464,0.19573,198.28,0.33578
961,0.41454,0.36962,170.68,0.703
2055,0.21206,0.64219,348.96,0.8283
772,0.88176,0.77823,104.89,0.95782
557,0.37048,0.55258,137.45,0.73289
543,0.40428,0.55015,129.92,0.74486
470,0.15051,0.20085,198.09,0.34009
965,0.40734,0.38067,172.54,0.70852
2111,0.18649,0.64438,377.16,0.82236
790,0.64251,0.7261,124.3,0.91224
559,0.39169,0.55456,133.92,0.73168
557,0.40312,0.59255,131.77,0.76616
458,0.39384,0.38552,120.89,0.77891
964,0.43192,0.37656,167.47,0.7146
906,0.40702,0.42257,167.25,0.69479
1921,0.21218,0.63863,337.3,0.82837
545,0.40045,0.56771,130.78,0.74966
540,0.42622,0.57447,126.18,0.75314
449,0.42409,0.40161,115.34,0.78634
558,0.15383,0.13853,213.5,0.36423
919,0.40493,0.43596,168.88,0.7053
2087,0.23297,0.61382,335.52,0.83114
566,0.38513,0.58958,135.9,0.75567
550,0.42499,0.55724,127.53,0.75653
449,0.4318,0.40161,114.31,0.8061
572,0.15921,0.12672,212.48,0.37288
912,0.40718,0.43264,167.77,0.70643
546,0.14623,0.13379,216.61,0.37397
566,0.37561,0.58958,137.61,0.76486
555,0.41464,0.56231,129.69,0.75716
463,0.39934,0.38973,120.7,0.79145
535,0.15305,0.16331,209.59,0.38462
558,0.36672,0.56535,138.28,0.72468
814,0.075657,0.14779,367.7,0.29082
555,0.15572,0.20896,211.63,0.36441
573,0.37039,0.58055,139.43,0.75494
478,0.41104,0.40236,120.89,0.75873
870,0.61543,0.73232,133.28,0.91291
557,0.44955,0.5766,124.78,0.75474
2417,0.26652,0.57699,337.58,0.8089
819,0.6397,0.68824,126.84,0.92022
551,0.39215,0.55826,132.88,0.75171
445,0.42635,0.4704,114.53,0.74539
504,0.39656,0.38298,126.38,0.79121
882,0.49447,0.72059,149.72,0.88911
1277,0.54617,0.53543,171.41,0.86635
2194,0.20585,0.53775,365.97,0.78582
528,0.39082,0.53495,130.3,0.74053
390,0.40722,0.52846,109.7,0.81081
532,0.34943,0.43535,138.32,0.67857
1361,0.54286,0.53373,177.5,0.85329
2092,0.21264,0.51388,351.61,0.79363
1262,0.61183,0.52914,161,0.87578
517,0.40791,0.5129,126.2,0.73126
355,0.37719,0.52206,108.75,0.82944
508,0.44258,0.46014,120.1,0.73517
1343,0.62151,0.51634,164.78,0.8576
2276,0.29192,0.53302,313.01,0.80113
1272,0.62481,0.52174,159.95,0.85714
242,0.27632,0.24494,104.91,0.44649
396,0.41656,0.48293,109.3,0.78416
505,0.37844,0.43913,129.49,0.70139
470,0.14898,0.14055,199.11,0.34712
2500,0.3359,0.56792,305.82,0.80334
1260,0.62751,0.5283,158.85,0.86837
269,0.31285,0.28021,103.95,0.51141
450,0.44102,0.47569,113.23,0.76271
929,0.42611,0.3482,165.52,0.7224
915,0.34373,0.61824,182.9,0.84254
2341,0.3439,0.55738,292.48,0.82054
1280,0.57124,0.52675,167.8,0.86137
879,0.3929,0.32245,167.67,0.69928
389,0.39941,0.49936,110.63,0.78745
937,0.411,0.34373,169.26,0.72132
920,0.25484,0.62162,212.99,0.8207
2344,0.31144,0.54895,307.54,0.808
818,0.74776,0.75184,117.25,0.94457
1168,0.59144,0.50783,157.53,0.85193
411,0.3684,0.47735,118.4,0.76252
1007,0.18747,0.55759,259.81,0.75149
956,0.4277,0.34339,167.6,0.72424
1167,0.078289,0.21539,432.8,0.3835
491,0.14805,0.13093,204.15,0.33584
1218,0.69763,0.51786,148.12,0.875
333,0.4001,0.69375,102.27,0.84304
1171,0.50881,0.53617,170.06,0.83763
2244,0.2076,0.68,368.56,0.86275
568,0.16089,0.13042,210.63,0.39254
1935,0.12423,0.32336,442.41,0.51821
545,0.15482,0.13437,210.33,0.35528
518,0.16442,0.13835,198.97,0.36921
1505,0.20621,0.51612,302.84,0.75363
437,0.34783,0.50814,125.65,0.73818
567,0.15989,0.14851,211.1,0.38003
552,0.16002,0.12483,208.2,0.37628
1440,0.12972,0.33835,373.49,0.49655
457,0.43482,0.30066,114.92,0.82491
586,0.15419,0.16037,218.53,0.35451
523,0.16233,0.14337,201.21,0.36169
1253,0.34414,0.72261,213.9,0.86058
499,0.14705,0.13861,206.5,0.34993
492,0.1606,0.19256,196.21,0.36965
788,0.91135,0.74621,104.24,0.96333
164,0.13377,0.46724,124.12,0.59206
774,1.0394,0.75586,96.737,0.97727
558,0.13109,0.13778,231.28,0.32843
455,0.15278,0.13446,193.45,0.33604
1164,0.66515,0.75097,148.29,0.8845
542,0.17039,0.15642,199.94,0.38659
396,0.18228,0.165,165.23,0.40244
800,0.71827,0.73462,118.31,0.93132
784,0.77614,0.74242,112.67,0.94915
1341,0.52534,0.54712,179.1,0.84873
408,0.17111,0.14489,173.1,0.37294
1293,0.37531,0.72437,208.07,0.86258
385,0.1853,0.16595,161.58,0.40526
1467,0.26571,0.62692,263.4,0.79126
810,0.81657,0.7438,111.65,0.94077
771,0.97946,0.77722,99.458,0.97719
1328,0.52141,0.56152,178.9,0.8464
345,0.17676,0.14163,156.61,0.3916
1197,0.4396,0.74813,184.98,0.86614
824,0.88773,0.71342,108,0.9537
1231,0.67447,0.607,151.44,0.85844
2175,0.20591,0.64617,364.33,0.84204
744,0.951,0.775,99.152,0.97001
788,0.8813,0.74621,106,0.94826
397,0.17607,0.1426,168.33,0.3781
1163,0.73092,0.77533,141.4,0.89256
1262,0.71817,0.5151,148.6,0.88561
1242,0.40049,0.56098,197.41,0.80493
1823,0.16087,0.6527,377.36,0.81022
795,0.9449,0.77637,102.82,0.97307
729,1.0348,0.78387,94.09,0.9746
1231,0.73851,0.55054,144.73,0.88244
1147,0.74551,0.79103,139.05,0.8975
1269,0.73584,0.49765,147.21,0.89053
874,0.44792,0.38083,156.59,0.73322
1998,0.20629,0.64224,348.87,0.81684
789,1.0434,0.77051,97.481,0.98012
739,0.96805,0.76899,97.944,0.97365
1238,0.7294,0.55367,146.04,0.88051
1154,0.68941,0.79586,145.03,0.8925
1271,0.70956,0.49843,150.03,0.89006
881,0.45357,0.3765,156.23,0.74096
1946,0.18774,0.5962,360.91,0.78817
794,0.87527,0.77539,106.77,0.95663
732,1.0125,0.7871,95.314,0.9734
557,0.14406,0.24344,220.43,0.47935
1159,0.74452,0.79931,139.87,0.90124
905,0.42766,0.34203,163.07,0.72516
875,0.45052,0.37393,156.22,0.73406
2011,0.25548,0.73287,314.51,0.84283
792,1.0217,0.77344,98.697,0.9802
876,0.50593,0.47895,147.51,0.75387
556,0.14321,0.24301,220.88,0.48055
1154,0.74491,0.76933,139.53,0.89112
859,0.45471,0.37348,154.08,0.74244
470,0.39015,0.31973,123.04,0.76175
1988,0.24391,0.64671,320.03,0.81878
788,1.0286,0.76953,98.118,0.97767
883,0.45441,0.4599,156.26,0.73036
866,0.44214,0.3785,156.89,0.74017
1166,0.75535,0.82055,139.28,0.89623
871,0.42559,0.36292,160.37,0.71452
508,0.40227,0.34511,125.97,0.75371
489,0.15243,0.14174,200.78,0.34388
2066,0.25325,0.68501,320.18,0.84742
868,0.44149,0.45208,157.18,0.71558
446,0.38563,0.30034,120.56,0.70906
1181,0.6581,0.8034,150.17,0.88998
417,0.15525,0.14389,183.72,0.33683
521,0.41682,0.34321,125.33,0.75837
514,0.1585,0.17365,201.87,0.3499
2152,0.26594,0.6882,318.88,0.84558
749,0.83612,0.75504,106.1,0.95414
887,0.47642,0.40063,152.96,0.74916
1182,0.70541,0.76258,145.11,0.8704
443,0.1456,0.13192,195.54,0.32791
533,0.45194,0.35112,121.74,0.76471
2431,0.17911,0.6462,412.99,0.80205
522,0.40423,0.32064,127.39,0.78144
753,0.90707,0.78438,102.14,0.96538
909,0.42608,0.37087,163.73,0.73306
417,0.51365,0.40096,101,0.86157
947,0.39844,0.37196,172.82,0.69074
444,0.17117,0.16017,180.54,0.39467
907,0.39918,0.45124,168.98,0.70529
752,0.20121,0.35657,216.71,0.55498
793,0.82143,0.75095,110.14,0.94405
327,0.34304,0.49321,109.45,0.73483
880,0.45295,0.39747,156.25,0.74766
836,0.43031,0.35052,156.25,0.71883
1363,0.47552,0.54717,189.79,0.84975
437,0.16865,0.15765,180.45,0.39193
915,0.37557,0.44054,174.97,0.69161
929,0.19377,0.42151,245.45,0.64559
785,0.91323,0.79133,103.93,0.96914
323,0.33884,0.5,109.45,0.72584
883,0.47141,0.39883,153.42,0.75213
721,1.0459,0.77527,93.073,0.97829
994,0.13661,0.51583,302.38,0.75647
866,0.45398,0.69059,154.83,0.89648
1458,0.35365,0.64656,227.61,0.84522
214,0.35185,0.60795,87.425,0.76157
566,0.33385,0.51832,145.96,0.70574
792,0.89694,0.75,105.34,0.9635
334,0.37332,0.50377,106.03,0.7472
893,0.46082,0.38658,156.05,0.73863
733,0.96753,0.76354,97.572,0.96574
1110,0.071953,0.53623,440.29,0.6968
1356,0.26037,0.61636,255.82,0.82382
1383,0.46188,0.68195,193.98,0.8537
543,0.36148,0.507,137.39,0.68302
391,0.15972,0.17684,175.39,0.3738
335,0.30293,0.52344,117.88,0.71581
882,0.4344,0.34862,159.73,0.73561
728,0.89585,0.71094,101.05,0.94792
1042,0.1402,0.56477,305.6,0.74642
1173,0.22594,0.5554,255.42,0.79688
1271,0.51087,0.66614,176.82,0.82212
461,0.17062,0.21343,184.27,0.37756
360,0.15736,0.15444,169.55,0.37383
260,0.35783,0.74286,95.555,0.82019
861,0.43046,0.34662,158.54,0.72536
1165,0.72259,0.80345,142.34,0.90101
407,0.17026,0.20556,173.32,0.35299
1098,0.34982,0.60563,198.6,0.84138
791,0.79259,0.77246,111.99,0.95763
476,0.16528,0.21441,190.24,0.37188
400,0.16511,0.16632,174.48,0.39024
358,0.35265,0.55937,112.95,0.77155
882,0.447,0.35507,157.47,0.73256
1185,0.66737,0.77451,149.38,0.8817
440,0.1716,0.21256,179.5,0.35656
994,0.3834,0.30603,180.5,0.68269
240,0.28549,0.27586,102.78,0.48096
921,0.40978,0.44279,168.06,0.71729
460,0.15033,0.15162,196.09,0.38623
406,0.34337,0.50877,121.89,0.7289
429,0.36203,0.29709,122.03,0.7702
1203,0.63105,0.77115,154.78,0.87555
905,0.43264,0.36258,162.13,0.73517
987,0.38259,0.30463,180.05,0.69166
851,0.44441,0.46503,155.12,0.73236
584,0.14362,0.2781,226.05,0.48145
942,0.43572,0.35547,164.83,0.74173
382,0.36138,0.49037,115.25,0.7167
435,0.44021,0.29392,111.44,0.79963
1168,0.74597,0.77867,140.27,0.8916
921,0.42494,0.36203,165.03,0.71729
872,0.43154,0.46138,159.35,0.7291
987,0.38907,0.30416,178.55,0.68973
925,0.41087,0.33563,168.2,0.72097
457,0.3544,0.51932,127.3,0.73948
764,0.94602,0.77016,100.74,0.96831
742,1.0659,0.79785,93.528,0.98539
722,1.0078,0.72929,94.884,0.97043
1234,0.70822,0.526,147.97,0.89033
1221,0.69671,0.5619,148.4,0.88929
1286,0.68677,0.51461,153.4,0.89368
906,0.48084,0.47187,153.88,0.75626
1197,0.58259,0.50042,160.68,0.84894
760,1.0408,0.76613,95.794,0.97686
736,1.0656,0.7914,93.164,0.98527
708,1.0499,0.76129,92.056,0.9779
1271,0.47763,0.49961,182.87,0.82855
1277,0.48029,0.57678,182.79,0.8813
503,0.14736,0.11908,207.11,0.34125
952,0.43152,0.46484,166.5,0.74784
1226,0.61262,0.52393,158.58,0.87074
778,0.86849,0.76051,106.1,0.95813
359,0.48571,0.32966,96.375,0.89975
738,1.0643,0.79355,93.346,0.98269
313,0.17124,0.1716,151.56,0.35407
1784,0.25897,0.5575,294.22,0.78764
1246,0.59336,0.55725,162.44,0.88494
427,0.1749,0.14055,175.15,0.41618
900,0.45489,0.44865,157.68,0.74013
1191,0.58581,0.55602,159.84,0.85132
738,1.0621,0.79355,93.445,0.98138
731,1.0602,0.78602,93.081,0.98121
357,0.5361,0.34897,91.478,0.8925
1482,0.20494,0.5561,301.45,0.78914
265,0.15606,0.15057,146.07,0.37011
356,0.16453,0.21266,164.9,0.36069
361,0.15355,0.15737,171.89,0.34981
598,0.14144,0.28368,230.5,0.47198
1193,0.64433,0.5998,152.54,0.86764
762,1.0154,0.76815,97.109,0.97692
1145,0.71398,0.53009,141.96,0.89383
726,1.0664,0.80756,92.494,0.98641
1354,0.45035,0.58972,194.38,0.86297
286,0.15916,0.15476,150.27,0.37386
376,0.17059,0.21315,166.43,0.37154
381,0.15441,0.15915,176.09,0.35278
830,0.88848,0.76217,108.35,0.964
1183,0.73384,0.61042,142.33,0.88284
760,1.0529,0.76613,95.24,0.97812
1144,0.67553,0.52963,145.88,0.87865
731,1.0584,0.78602,93.164,0.98253
1295,0.40385,0.48831,200.74,0.85592
467,0.42689,0.29974,117.25,0.82218
478,0.3909,0.51957,123.96,0.73538
792,0.90488,0.77344,104.88,0.96117
1099,0.16846,0.58271,286.33,0.78556
331,0.3995,0.60623,102.04,0.79759
1210,0.63,0.59314,155.36,0.86801
1157,0.72357,0.53565,141.75,0.88119
737,1.0543,0.79247,93.726,0.97745
1343,0.40476,0.51714,204.19,0.8576
463,0.44921,0.2991,113.81,0.82384
502,0.38504,0.49605,128,0.70605
775,0.97592,0.80645,99.896,0.97362
905,0.41777,0.47858,164.99,0.74424
451,0.30373,0.49022,136.6,0.69599
807,0.50364,0.50596,141.9,0.75704
868,0.46435,0.3875,153.26,0.7288
736,1.0401,0.76587,94.297,0.97613
1365,0.33183,0.50499,227.36,0.82677
446,0.17723,0.13274,177.83,0.44914
480,0.37951,0.53333,126.07,0.71111
783,0.8101,0.74148,110.21,0.93885
878,0.4854,0.47306,150.77,0.75624
806,0.78577,0.74013,113.53,0.93612
833,0.41773,0.40833,158.3,0.70653
864,0.4674,0.39273,152.41,0.73469
730,1.0459,0.75963,93.652,0.97594
1427,0.27978,0.60827,253.17,0.85449
780,1.0399,0.78629,97.084,0.98113
262,0.15434,0.15595,146.05,0.32873
1673,0.29208,0.67081,268.29,0.81253
737,0.57626,0.52945,126.77,0.79077
1213,0.74327,0.64797,143.21,0.88347
707,1.0573,0.78556,91.667,0.97787
885,0.54606,0.50085,142.71,0.78042
1134,0.72229,0.63,140.46,0.88871
133,0.15779,0.10262,102.92,0.54508
1645,0.23371,0.59688,297.41,0.83418
800,0.81637,0.78201,110.97,0.94787
1750,0.16399,0.65201,366.2,0.77951
752,0.57709,0.5292,127.97,0.8
788,0.98804,0.76953,100.11,0.9645
741,0.79843,0.77107,107.99,0.93797
837,0.47633,0.40789,148.6,0.73875
892,0.52383,0.49611,146.28,0.77096
174,0.16212,0.10882,116.13,0.48066
1640,0.29779,0.60651,263.07,0.8555
931,0.39332,0.31474,172.47,0.69426
336,0.15472,0.17204,165.2,0.31818
1758,0.21614,0.63011,319.7,0.79584
751,0.55729,0.5285,130.13,0.79809
724,0.9199,0.77849,99.45,0.96662
832,0.46696,0.40546,149.63,0.73304
891,0.52873,0.49555,145.52,0.77411
165,0.16584,0.11134,111.82,0.51084
1961,0.36731,0.6725,259.02,0.86388
1405,0.45729,0.71684,196.49,0.8743
421,0.14606,0.15803,190.32,0.32285
1363,0.18313,0.59004,305.83,0.78243
762,0.5656,0.53624,130.11,0.80126
617,0.13215,0.20958,242.23,0.46217
790,0.676,0.74811,121.18,0.91119
900,0.52656,0.50056,146.56,0.77386
180,0.15766,0.10989,119.78,0.44226
1762,0.28855,0.60425,277.01,0.82452
1430,0.27762,0.72959,254.42,0.86353
453,0.14896,0.15686,195.48,0.32898
1387,0.19531,0.67659,298.73,0.83504
767,0.54224,0.51133,133.32,0.78909
633,0.13601,0.21044,241.84,0.46003
745,0.83726,0.72754,105.74,0.94304
191,0.25505,0.24362,97.008,0.43018
217,0.15792,0.11232,131.41,0.44928
2051,0.25592,0.63205,317.35,0.84265
1436,0.52362,0.74097,185.64,0.87242
452,0.14752,0.15448,196.22,0.33556
1546,0.2645,0.63076,271.02,0.82895
184,0.24408,0.25275,97.331,0.43294
778,0.63183,0.73674,124.39,0.92729
215,0.2683,0.26478,100.35,0.44885
755,0.97578,0.76109,98.606,0.96795
258,0.15068,0.10763,146.68,0.41815
838,0.54681,0.50788,138.77,0.78612
471,0.44762,0.34505,114.99,0.77851
1269,0.70117,0.53208,150.81,0.87517
185,0.26265,0.24667,94.081,0.44686
853,0.55395,0.51697,139.1,0.78908
1328,0.61218,0.67721,165.11,0.86178
739,0.90449,0.74496,101.33,0.95725
178,0.20967,0.1798,103.29,0.44279
834,0.46839,0.41124,149.58,0.73545
360,0.41793,0.27778,104.04,0.81448
861,0.54706,0.5125,140.63,0.78415
512,0.42806,0.3483,122.6,0.77225
1278,0.67804,0.53585,153.9,0.86762
340,0.16527,0.20644,160.79,0.35491
879,0.49274,0.48888,149.72,0.76769
416,0.34692,0.35556,122.75,0.78343
752,0.75709,0.78333,111.72,0.9507
256,0.17443,0.13545,135.81,0.38965
393,0.44165,0.28707,105.75,0.82218
851,0.47379,0.40408,150.24,0.73807
869,0.5007,0.48331,147.68,0.75895
469,0.39274,0.335,122.5,0.76634
959,0.44412,0.42812,164.73,0.73826
184,0.25562,0.2359,95.107,0.44444
879,0.47962,0.48059,151.76,0.75
859,0.43471,0.38641,157.58,0.73545
730,0.91245,0.78495,100.27,0.96817
418,0.43189,0.36538,110.28,0.81961
417,0.38291,0.3046,116.98,0.69849
850,0.46308,0.41122,151.88,0.74496
853,0.54931,0.50029,139.69,0.78763
845,0.287,0.69036,192.35,0.84839
790,0.91686,0.77148,104.06,0.96459
1926,0.3547,0.6614,261.22,0.86992
475,0.38865,0.40598,123.93,0.7711
788,0.59589,0.74621,128.91,0.90471
770,0.94243,0.75195,101.33,0.96491
422,0.4265,0.38364,111.51,0.83071
868,0.43609,0.39205,158.15,0.73373
415,0.44674,0.30314,108.04,0.79655
868,0.53706,0.5,142.51,0.78198
784,0.90313,0.76562,104.44,0.94915
791,1.0523,0.79738,97.191,0.98383
2009,0.42388,0.66611,244.05,0.8858
483,0.38653,0.41282,125.31,0.76183
825,0.52995,0.76037,139.87,0.90659
765,1.0311,0.77117,96.555,0.97826
431,0.3672,0.36037,121.45,0.81168
436,0.36844,0.30215,121.95,0.71829
130,0.39197,0.30093,64.558,0.59091
852,0.54582,0.49971,140.06,0.77879
770,0.73337,0.75195,114.86,0.94711
793,0.99299,0.77517,100.18,0.97181
1990,0.35507,0.67139,265.38,0.87975
412,0.16994,0.13872,174.54,0.35702
835,0.39358,0.74421,163.28,0.88641
761,1.0162,0.79188,97.01,0.98067
431,0.39029,0.36037,117.8,0.81784
434,0.41097,0.30868,115.2,0.73935
1235,0.13583,0.54743,338.02,0.77673
859,0.55128,0.51131,139.93,0.78233
1292,0.60106,0.71698,164.35,0.85676
1659,0.30802,0.63808,260.16,0.85604
443,0.16476,0.134,183.81,0.35554
783,0.65323,0.74148,122.73,0.91153
760,1.0304,0.76613,96.274,0.97812
413,0.36649,0.36101,119,0.78967
383,0.42305,0.29552,106.66,0.79296
1554,0.25329,0.5747,277.67,0.81361
1373,0.61737,0.78011,167.17,0.9027
1265,0.72466,0.73718,148.11,0.88523
1071,0.24196,0.63712,235.84,0.84331
728,0.87143,0.7828,102.46,0.95789
734,1.0697,0.81556,92.858,0.99189
271,0.34687,0.35847,99.085,0.7765
1130,0.7735,0.53504,135.49,0.89328
1181,0.73642,0.50255,141.96,0.89199
1225,0.38727,0.53377,199.37,0.85188
1262,0.72383,0.79371,148.02,0.88375
1263,0.7227,0.73601,148.19,0.88075
945,0.3646,0.69028,180.47,0.88983
715,1.0565,0.79444,92.221,0.9808
735,1.067,0.81667,93.04,0.99057
1130,0.77039,0.53504,135.76,0.89046
1181,0.74631,0.51348,141.02,0.89199
1304,0.21114,0.53355,278.59,0.81704
1312,0.64641,0.78375,159.7,0.88889
398,0.14471,0.1515,185.91,0.3265
1084,0.24086,0.67792,237.81,0.84489
735,0.82628,0.79032,105.73,0.95207
179,0.21902,0.22832,101.34,0.40774
747,1.0585,0.80323,94.173,0.98679
1139,0.77342,0.5393,136.04,0.88846
1192,0.74328,0.5081,141.96,0.89422
